{"camera_matrix": [[2226.6161818283394, 0.0, 952.6544777417878], [0.0, 2188.3023389040313, 561.821536590282], [0.0, 0.0, 1.0]], "distortion_coefficients": [[-1.5912031091024734, 6.413062927910205, -0.05432448195143189, 0.005641088411316281, -16.19545177156899]], "rvecs": [[[0.09328061294035764], [0.2785837358329929], [-0.00938427940186084]], [[-0.049580312598887656], [-0.2842176125227707], [0.0642542730714383]], [[0.10552535771718452], [0.5077429669848553], [0.10761774269808674]], [[0.44322684683864133], [0.4975838662876019], [0.09255048366965678]], [[0.007606519566703803], [0.12103532898443128], [-0.04633143827717145]], [[0.24763532568094304], [-0.13791567888593004], [-0.04891019166045439]], [[0.02198311494095935], [-0.4363657828284482], [-0.10139911267647507]], [[-0.06051410174499797], [0.3431070674615375], [-0.0007512711814803685]], [[0.36687240087548567], [0.11131047806130115], [0.012798139026251067]], [[0.03474815846971689], [-0.04584058726981102], [0.07742490008960762]]], "tvecs": [[[2.95194972001579], [-5.716890522402628], [69.55769427658868]], [[17.44952746311806], [-2.790024711070021], [60.0602373401931]], [[17.0885567842226], [5.941799676225033], [80.80114398900992]], [[14.161607893943389], [-15.580384333616673], [69.09561726584096]], [[-16.467287253435252], [-12.8586608217317], [74.17116499500256]], [[-17.409653946597345], [2.097092339384767], [84.54024037303707]], [[-34.060958554019294], [9.356398598283922], [104.75387659933952]], [[4.383510764248], [7.277992384369205], [79.46359996897854]], [[-0.3382724040523818], [-20.44132999885912], [82.36886102251928]], [[11.528378619164762], [-19.22655217405818], [85.38860155559453]]]}